ngram,count
бизнес,1096
процессов,655
анализ,653
работа,525
работать,473
00,455
sql,452
аналитика,421
разработки,407
1с,386
анализа,373
задач,367
задачи,359
решений,355
систем,342
it,339
excel,328
бизнес процессов,303
решения,303
разработка,297
документации,278
bi,266
системы,251
обучение,237
пользователей,237
сбор,235
принципов,232
области,231
роста,230
api,226
процессы,225
power,220
bpmn,218
официальное,218
анализировать,215
проектов,215
контроль,209
информации,209
уровень,207
ит,203
поддержка,203
взаимодействие,202
формирование,200
аналитики,199
развития,197
развитие,196
сотрудников,195
который,194
бизнеса,189
автоматизации,188
отчетности,187
продаж,184
python,183
работу,183
18,182
дня,182
знания,181
команду,178
трудоустройство,177
аналитиком,176
участвовать,175
проектах,173
управления,171
года,170
системами,170
uml,169
если,168
отчетов,166
технических,165
уровне,165
rest,165
системного,163
преимуществом,160
продукта,159
продуктов,159
проектирования,158
новых,157
компаний,157
тз,155
командой,152
моделей,151
после,150
качества,149
данные,149
архитектуры,148
реализации,147
аналитических,147
взаимодействия,145
проведение,145
работе,145
россии,145
интеграции,144
сфере,144
данными,143
официальное трудоустройство,143
тестирования,142
запросов,142
18 00,142
and,140
офисе,140
обучения,140
плата,139
заработная,138
нам,138
заработная плата,138
data,137
описание,137
разработке,137
наши,135
00 18,135
проводить,133
скидки,133
между,133
без,131
00 18 00,130
информационных,129
которые,128
ты,127
проектирование,127
power bi,127
проекты,127
финансовых,126
уверенное,123
профессионального,122
инструментами,122
технической,121
рынка,121
ms,121
корпоративная,120
мышление,120
построения,120
10,119
клиентов,119
основе,119
делать,118
выявление,117
возможности,117
продукты,117
гибридный,115
ai,115
написание,115
карьерного,114
моделирования,113
000,113
создание,113
есть,113
способность,112
день,112
внимательность,112
внедрения,112
системного аналитика,111
показателей,111
метрик,111
сервисов,110
confluence,110
описания,110
erp,110
эффективности,110
интеграций,110
др,108
аналитик,108
управление,108
включая,107
связи,107
формировать,106
рост,106
нашей,105
рынке,104
деталям,104
корпоративные,104
jira,103
функциональных,103
интервью,101
ответственность,100
технологий,99
тебя,99
большими,99
результат,98
таблицы,98
разработку,98
через,97
опыта,97
рабочего,97
важно,97
готовность,97
30,96
сбора,96
программа,95
чтобы,95
онлайн,95
ведение,95
заданий,94
ожидаем,94
сложные,94
сейчас,93
оптимизация,93
bpmn uml,93
инструментов,93
материалов,93
где,93
согласование,93
стоматологией,93
аналитические,93
которая,92
бд,92
подготовки,92
навык,92
обработка,92
роли,91
результатам,91
первого,91
под,90
обсуждается,90
написания,89
заказчиками,89
собирать,89
деятельности,89
финансового,89
тестирование,89
страхование,88
готовы,88
испытательного,88
всех,88
срока,87
основ,87
рамках,87
склад,87
функционала,87
описывать,87
аналитике,87
банка,86
вместе,86
быстро,86
просто,86
ума,86
модели,85
различных,85
техническое,85
центре,85
испытательного срока,85
поддержки,84
внутренних,84
программы,84
изменений,84
пакет,83
внутри,83
ждем,83
сбор анализ,83
продукт,83
наша,83
аналитический,82
вам,82
мониторинг,82
дашбордов,82
других,81
технических заданий,81
обеспечения,81
результатов,81
сценариев,80
руководства,80
соответствии,80
базовые,80
заказчика,80
помощь,80
технические,80
учета,80
профессионалов,80
процесса,80
разработчиков,79
современный,79
сводные,79
рабочего дня,79
проект,79
взаимодействовать,79
информационных систем,79
опытом,79
формализация,79
только,79
можно,79
комфортный,79
to,78
новые,78
разрабатывать,78
ключевых,78
курсы,78
проверка,78
оптимизации,77
soap,77
компенсация,77
сопровождение,77
google,77
развиваться,76
карьерного роста,76
crm,76
проектной,76
нужно,76
сложных,76
функции,76
источников,75
запросы,75
проекта,75
логики,75
использованием,75
склад ума,75
сводные таблицы,75
обязательно,74
технологии,74
поиск,74
постановка,74
оценка,74
белая,74
заказчиков,73
готовить,72
полностью,72
презентаций,72
уверенный,72
поддерживать,72
аналитический склад,72
аналитический склад ума,72
json,72
выявлять,72
гибкий,71
мероприятия,71
автоматизация,71
партнеров,71
пользовательских,71
оценки,71
метро,70
наличие,70
жизни,70
экономики,70
разработкой,70
документацию,70
базы,70
месяца,69
командами,69
совместно,69
влиять,69
баз,69
обработки,69
жизнь,69
использования,69
hr,69
отчётности,69
заработной,69
user,68
желательно,68
находить,68
финансовой,68
удаленный,68
построение,68
система,68
уровня,67
коллектив,67
разработчиками,67
системным,67
цикла,67
развитии,66
счет,66
документов,66
системе,66
язык,66
практический,66
итогам,66
схем,66
информацию,66
инструменты,66
продуктовых,65
аккредитованной,65
год,65
программного,65
моделирование,65
другие,65
сценарии,64
время,64
внимательность деталям,64
бизнес аналитика,64
оплата,64
формулировать,64
место,64
видеть,63
системах,63
желание,63
вопросы,63
kpi,63
оклад,63
кандидата,63
все,63
выводы,63
смежных,63
инструкций,63
заказчиком,63
формулы,62
подразделениями,62
наш,62
структуры,62
свои,62
рабочий,62
технической документации,62
структурировать,61
постановка задач,61
платы,61
заработной платы,61
писать,61
17,61
английский,60
проведения,60
основных,60
предлагать,60
фитнес,60
участия,60
бизнес процессы,60
базе,60
специалистов,60
спецификаций,60
сервисы,60
разбираться,60
том,59
наших,59
расчет,59
postgresql,59
составление,58
большим,58
пользователь,58
разных,58
kafka,58
визуализации,58
вести,58
подарки,58
нотаций,58
корпоративный,58
качество,58
диаграммы,58
здоровье,57
строить,57
внедрение,57
собеседования,57
месяц,56
идеи,56
выполнения,56
услуг,56
ии,56
развивать,56
языка,56
поиске,56
программного обеспечения,56
ошибок,56
почему,56
системным аналитиком,56
создавать,56
предложений,56
позиции,56
интересные,55
организации,55
числе,55
дней,55
экономическое,55
москвы,55
исследований,55
swagger,55
результаты,55
jira confluence,55
связь,55
query,54
знаний,54
09,54
себя,54
том числе,54
проектировать,54
систему,54
контролировать,54
активно,54
поддержку,54
рекомендаций,54
точки,54
тестировании,54
тех,53
тебе,53
таблиц,53
первого дня,53
части,53
настройка,53
специалиста,53
помогать,53
коммуникации,53
менее,53
rest api,53
частью,53
расширенный,53
проектами,52
команд,52
интеграционных,52
зарплата,52
вопросам,52
начало,52
полный,52
экономика,52
гибрид,51
доступ,51
его,51
postman,51
системный,51
функций,51
крупных,51
базами,51
товаров,51
презентации,50
после испытательного,50
витрин,50
проверять,50
системное,50
аналитическое,50
постановки,50
статистики,50
план,50
ваши,50
быть,50
контроля,50
задания,50
сервис,49
разработчикам,49
xml,49
power query,49
рабочий день,49
расти,49
самостоятельно,49
английского,49
приложений,49
20,49
города,49
tableau,49
услуги,49
премия,49
внешних,48
ui,48
во,48
всей,48
ключевые,48
подход,48
корпоративных,48
безопасности,48
после испытательного срока,48
use,48
требованиями,48
ожидания,48
office,48
бюрократии,48
вакансия,47
планирования,47
например,47
кто,47
аналитиков,47
труда,47
коммуникативные,47
людей,47
гипотез,47
согласно,47
гипотезы,47
либо,47
гибкое,47
15,46
продажи,46
каждый,46
жизненного цикла,46
аналитической,46
клиента,46
жизненного,46
принимать,46
sequence,46
заработную плату,46
продвинутый,46
заработную,46
commerce,46
нами,46
социальный,46
управленческой,46
плату,46
подразделений,46
технического,46
ux,46
будете,46
социальный пакет,46
проблем,46
функциональные,45
приглашаем,45
etl,45
мысли,45
выполнение,45
исследования,45
аналитику,45
корпоративное,45
веб,45
работает,45
внешними,45
коммуникация,45
то,45
тренинги,45
100,45
сотрудника,45
развитию,45
всегда,45
with,45
диаграмм,45
метрики,45
другими,45
agile,45
интерфейсов,44
спецификации,44
стабильной,44
приветствуется,44
удаленно,44
развиваем,44
создания,44
ad,44
системное мышление,44
гибкое начало,44
доступности,44
ms excel,44
является,44
продуктовой,44
ответственности,44
средств,44
процесс,44
дашборды,44
уже,44
профессиональный,44
the,44
базовые знания,43
10 00,43
мониторинга,43
изучение,43
задачами,43
схемы,43
бонусы,43
компенсацию,43
hoc,43
необходимости,43
стабильная,43
поэтому,43
аналитическое мышление,43
09 00,43
нотации,43
ad hoc,43
программ,43
профессионального роста,43
корпоративной,42
отдела,42
страны,42
аккредитованная,42
собеседовании,42
analyst,42
должности,42
белая заработная плата,42
профессиональное,42
финансов,42
белая заработная,42
выстраивать,42
цифровых,42
премии,42
над,42
производства,42
отчеты,42
массивами,42
1с erp,42
документирование,42
формирования,42
word,41
dwh,41
кандидатов,41
финансовый,41
of,41
пользователя,41
компанию,41
реляционных,41
основные,41
коммуникабельность,41
сделать,41
взаимодействий,41
платформы,41
business,41
выявления,41
рекомендации,41
расходов,41
пользователями,41
руководителя,41
индивидуально,41
направления,41
доход,40
работать большими,40
прохождения,40
текущих,40
sheets,40
самостоятельность,40
системных,40
отпуск,40
нового,40
затрат,40
свой,40
финансовые,40
работ,40
себестоимости,40
google sheets,40
топ,40
внутренними,40
форм,40
отчетность,40
50,40
конференциях,40
функциональности,40
своей,40
детей,40
продукции,40
scrum,40
бизнесу,40
крупнейших,40
москве,40
недвижимости,40
умеет,40
работаем,40
потребности,39
обеспечение,39
sql запросов,39
сообщений,39
большими массивами,39
маркетинга,39
инициативность,39
английский язык,39
высокий,39
is,39
офиса,39
информационной,39
создаем,38
отрасли,38
санкт,38
19,38
программирования,38
умеете,38
будем,38
стать,38
нашу,38
требованиям,38
банк,38
предоставление,38
хорошие,38
проработка,38
времени,38
ml,38
стоимости,38
нуля,38
каждого,38
ис,38
кросс,38
backend,38
задач разработчикам,38
наши ожидания,38
openapi,38
изменения,37
внимание,37
процессах,37
квалификации,37
бухгалтерского,37
визуализация,37
уверенный пользователь,37
москва,37
внутренние,37
проекте,37
sql python,37
ул,37
высокий уровень,37
командой разработки,37
бюджета,37
повышения,37
кофе,37
проектной документации,37
pandas,37
дохода,37
забота,37
влияние,37
отдыха,36
join,36
проектировании,36
сопровождать,36
офисный,36
лучших,36
superset,36
потребностей,36
человек,36
больших,36
существующих,36
роль,36
субд,36
резюме,36
стек,36
финансы,36
оценивать,36
дружный,36
кода,36
аккредитованной it,36
пользовательские,36
09 00 18,36
яндекс,36
09 00 18 00,36
семьи,36
разработки тестирования,36
микросервисной,36
рады,36
конкурентная,36
профессионального карьерного,36
начало рабочего дня,35
помогаем,35
in,35
карьерный,35
инвестиционных,35
точек,35
инструкции,35
начало рабочего,35
er,35
ст,35
обмена,35
clickhouse,35
оборудования,35
клиентами,35
направлений,35
консультирование,35
ценим,35
грамотная,35
закупок,35
методологии,35
объектов,35
языком,35
места,35
методологий,35
определение,35
подготовке,35
декомпозиция,35
речь,35
бизнесом,35
for,35
улучшения,35
excel google,35
которой,35
условиях,35
соблюдение,34
анализом,34
выбор,34
прогнозирования,34
корпоративная жизнь,34
понятные,34
корпоративные мероприятия,34
uml bpmn,34
сроки,34
oracle,34
нужен,34
airflow,34
актуализация,34
решение,34
письменная,34
клиентам,34
эффективность,34
клиент,34
этапах,34
пт,34
возможностей,34
имеешь,34
вклад,34
внутренней,34
отчётов,33
ведения,33
потоков,33
динамично,33
16,33
пн,33
отчёты,33
митапы,33
счёт,33
английского языка,33
маркетинг,33
внедрении,33
помощью,33
алгоритмов,33
возможностью,33
современных,33
технические задания,33
полис,33
ozon,33
консультации,33
нашим,33
процессов bpmn,33
аналитика который,33
управлять,33
базовое,33
какие,33
powerpoint,33
группы,33
пр,33
cases,33
году,33
нужно делать,33
бонус,32
b2b,32
17 00,32
спортивные,32
финансовых моделей,32
финтех,32
сети,32
срок,32
stories,32
культура,32
продуктами,32
много,32
всему,32
часов,32
корпоративную,32
rest soap,32
протоколов,32
логику,32
отпуска,32
оконные,32
планирование,32
оконные функции,32
сопровождения,32
сроков,32
рабочих,32
digital,32
крупной,32
user stories,31
продуктовые,31
занятость,31
планов,31
показатели,31
аналитикой,31
читать,31
work,31
компаниях,31
будут,31
преимущества,31
конкурентов,31
готов,31
аналоги,31
доработок,31
цикла разработки,31
учетом,31
as,31
методов,31
выводов,31
раза,31
бизнес аналитиком,31
гибкое начало рабочего,31
доработки,31
искать,31
трендов,31
проектам,31
сбор обработка,31
ms office,31
story,31
присоединяйся,31
рядом,31
корпоративное обучение,31
гибкое начало рабочего дня,31
составлять,31
регулярные,30
анализ бизнес,30
программу,30
excel google sheets,30
постановки задач,30
учёта,30
платежей,30
wildberries,30
иб,30
удобный,30
учиться,30
корпоративного,30
user story,30
питания,30
производство,30
коллег,30
целью,30
письме,30
реальные,30
банковских,30
маркетинговых,30
согласовывать,30
процессе,30
неделю,30
информационных технологий,30
будем рады,30
коммерческой,30
спорт,30
аналогичной,30
рисков,30
дни,30
формировании,30
сервисами,30
праздники,30
xsd,30
устная,30
зарплату,30
конференции,30
чтения,30
полная,30
